Important;Submitted on time without errors
Urgent;Submitted on time without errors
Urgent, not important;Submitted on time without errors
Urgent, not important;Submitted on time without errors
Urgent;Submitted on time without errors
Important;Not submitted on time
Important;Not submitted on time
Important;Erroneous
Important;Submitted on time without errors
Urgent;Forgotten
Urgent;Submitted on time without errors
Urgent;Lost
Erroneous;Not submitted on time
Erroneous;Not submitted on time
Important;Not submitted on time
Important;Submitted on time without errors
Urgent;Submitted on time without errors
Urgent;Submitted on time without errors
Urgent;Submitted on time without errors
Urgent;Forgotten
Urgent;Submitted on time without errors
Important;Not submitted on time
Urgent;Not submitted on time
Important;Submitted on time without errors
Important;Not submitted on time
Urgent;Not submitted on time
Urgent;Not submitted on time
Urgent, not important;Submitted on time without errors
Important;Not submitted on time
Urgent;Submitted on time without errors
Important;Not submitted on time
Urgent, not important;Not submitted on time
Important;Not submitted on time
Important;Forgotten
Important;Submitted on time without errors
Urgent;Submitted on time without errors
Urgent;Submitted on time without errors
Urgent;Not submitted on time
Urgent;Submitted on time without errors
Urgent;Submitted on time without errors
Important;Submitted on time without errors
Important;Submitted on time without errors
Urgent;Erroneous
Important;Submitted on time without errors
Important;Not submitted on time
Important;Submitted on time without errors
Urgent;Submitted on time without errors
Urgent;Not submitted on time
Urgent;Not submitted on time
Urgent, not important;Forgotten
Important;Not submitted on time
Important;Forgotten
Urgent;Submitted on time without errors
Important;Forgotten
Urgent;Not submitted on time
Important;Not submitted on time
Erroneous;Submitted on time without errors
Important;Submitted on time without errors
Urgent;Submitted on time without errors
Urgent, not important;Not submitted on time
Important;Submitted on time without errors
Important;Submitted on time without errors
Urgent;Forgotten
Important;Not submitted on time
Important;Not submitted on time
Important;Submitted on time without errors
Important;Erroneous
Important;Not submitted on time
Important;Submitted on time without errors
Important;Not submitted on time
Important;Not submitted on time
Important;Submitted on time without errors
Urgent;Not submitted on time
Urgent;Not submitted on time
Important;Not submitted on time
Important;Not submitted on time
Urgent;Submitted on time without errors
Important;Submitted on time without errors
Important;Submitted on time without errors
Urgent;Lost
Important;Submitted on time without errors
Important;Not submitted on time
Urgent;Not submitted on time
Important;Lost
Urgent;Lost
Important;Submitted on time without errors
Important;Not submitted on time
Important;Submitted on time without errors
Urgent;Not submitted on time
Important;Submitted on time without errors
Urgent;Not submitted on time
Urgent;Submitted on time without errors
Urgent;Submitted on time without errors
Urgent, not important;Submitted on time without errors
Important;Submitted on time without errors
Urgent, not important;Not submitted on time
Urgent;Forgotten
Urgent;Submitted on time without errors
Important;Erroneous
Urgent;Submitted on time without errors
Urgent, not important;Erroneous
Urgent;Submitted on time without errors
Important;Submitted on time without errors
Urgent, not important;Lost
Urgent;Forgotten
Important;Not submitted on time
Important;Not submitted on time
Urgent, not important;Submitted on time without errors
Important;Submitted on time without errors
Urgent;Erroneous
Important;Not submitted on time
Important;Submitted on time without errors
Urgent;Submitted on time without errors
Urgent;Submitted on time without errors
Important;Submitted on time without errors
Urgent;Not submitted on time
Urgent;Not submitted on time
Important;Forgotten
Urgent, not important;Submitted on time without errors
Erroneous;Submitted on time without errors
Important;Submitted on time without errors
Important;Not submitted on time
Erroneous;Submitted on time without errors
Urgent;Submitted on time without errors
Urgent;Submitted on time without errors
Urgent;Not submitted on time
Urgent;Not submitted on time
Important;Not submitted on time
Important;Not submitted on time
Important;Not submitted on time
Important;Not submitted on time
Urgent;Not submitted on time
Urgent;Erroneous
Important;Submitted on time without errors
Important;Submitted on time without errors
Important;Not submitted on time
Important;Submitted on time without errors
Important;Submitted on time without errors
Urgent;Submitted on time without errors
Important;Submitted on time without errors
Urgent, not important;Not submitted on time
Urgent, not important;Forgotten
Urgent;Not submitted on time
Erroneous;Forgotten
Important;Submitted on time without errors
Important;Submitted on time without errors
Urgent;Not submitted on time
Important;Submitted on time without errors
Urgent;Not submitted on time
Urgent, not important;Not submitted on time
Important;Submitted on time without errors
Urgent, not important;Forgotten
Important;Not submitted on time
Urgent;Not submitted on time
Urgent;Submitted on time without errors
Important;Submitted on time without errors
Important;Submitted on time without errors
Important;Not submitted on time
Important;Submitted on time without errors
Erroneous;Not submitted on time
Urgent;Submitted on time without errors
Urgent, not important;Not submitted on time
Important;Not submitted on time
Important;Not submitted on time
Important;Not submitted on time
Important;Not submitted on time
Urgent, not important;Submitted on time without errors
Urgent;Not submitted on time
Important;Submitted on time without errors
Important;Not submitted on time
Urgent;Submitted on time without errors
Important;Submitted on time without errors
Urgent;Not submitted on time
Important;Submitted on time without errors
Urgent;Not submitted on time
Urgent;Not submitted on time
Important;Submitted on time without errors
Important;Submitted on time without errors
Important;Erroneous
Important;Not submitted on time
Urgent, not important;Lost
Important;Not submitted on time
Important;Forgotten
Urgent;Not submitted on time
Erroneous;Submitted on time without errors
Urgent;Not submitted on time
Important;Not submitted on time
Urgent, not important;Not submitted on time
Important;Submitted on time without errors
Urgent;Submitted on time without errors
Urgent;Not submitted on time
Urgent;Submitted on time without errors
Important;Submitted on time without errors
Urgent, not important;Forgotten
Important;Not submitted on time
Important;Not submitted on time
Urgent, not important;Submitted on time without errors
Important;Submitted on time without errors
Important;Submitted on time without errors
Important;Submitted on time without errors
Urgent, not important;Submitted on time without errors
Important;Submitted on time without errors
Urgent;Not submitted on time
Urgent;Not submitted on time
Urgent;Not submitted on time
Urgent;Not submitted on time
Important;Not submitted on time
Erroneous;Erroneous
Urgent;Submitted on time without errors
Urgent;Erroneous
Important;Not submitted on time
Important;Submitted on time without errors
Erroneous;Not submitted on time
Urgent, not important;Submitted on time without errors
Urgent;Submitted on time without errors
Important;Submitted on time without errors
Important;Submitted on time without errors
Important;Submitted on time without errors
Important;Forgotten
Important;Submitted on time without errors
Urgent;Not submitted on time
Erroneous;Submitted on time without errors
Urgent, not important;Submitted on time without errors
Important;Not submitted on time
Important;Erroneous
Urgent, not important;Submitted on time without errors
Urgent, not important;Submitted on time without errors
Urgent;Not submitted on time
Important;Submitted on time without errors
Urgent;Forgotten
Urgent;Erroneous
Important;Submitted on time without errors
Urgent, not important;Not submitted on time
Urgent;Not submitted on time
Important;Not submitted on time
Urgent;Not submitted on time
Urgent;Submitted on time without errors
Important;Not submitted on time
Erroneous;Submitted on time without errors
Urgent;Erroneous
Important;Submitted on time without errors
Important;Not submitted on time
Urgent;Forgotten
Important;Not submitted on time
Erroneous;Not submitted on time
Urgent;Not submitted on time
Important;Not submitted on time
Important;Erroneous
Important;Not submitted on time
Important;Erroneous
Urgent;Submitted on time without errors
Urgent, not important;Submitted on time without errors
Important;Erroneous
Important;Not submitted on time
Urgent;Erroneous
Important;Not submitted on time
Important;Not submitted on time
Important;Not submitted on time
Important;Not submitted on time
Important;Forgotten
Urgent;Not submitted on time
Important;Submitted on time without errors
Urgent;Lost
Important;Not submitted on time
Urgent;Submitted on time without errors
Urgent;Not submitted on time
Important;Submitted on time without errors
Erroneous;Submitted on time without errors
Important;Not submitted on time
Urgent;Submitted on time without errors
Important;Submitted on time without errors
Erroneous;Not submitted on time
Important;Not submitted on time
Urgent;Submitted on time without errors
Important;Not submitted on time
Important;Submitted on time without errors
Erroneous;Submitted on time without errors
Important;Submitted on time without errors
Urgent, not important;Submitted on time without errors
Urgent;Submitted on time without errors
Urgent;Submitted on time without errors
Important;Submitted on time without errors
Urgent;Submitted on time without errors
Important;Submitted on time without errors
Urgent;Not submitted on time
Urgent;Not submitted on time
Important;Lost
Urgent;Forgotten
Important;Lost
Urgent, not important;Not submitted on time
Important;Submitted on time without errors
Urgent;Submitted on time without errors
Urgent;Not submitted on time
Urgent;Submitted on time without errors
Important;Submitted on time without errors
Urgent, not important;Forgotten
Urgent;Not submitted on time
Important;Not submitted on time
Urgent;Erroneous
Important;Not submitted on time
Important;Submitted on time without errors
Important;Not submitted on time
Important;Not submitted on time
Important;Not submitted on time
Urgent;Not submitted on time
Important;Not submitted on time
Important;Submitted on time without errors
Erroneous;Submitted on time without errors
Urgent;Erroneous
Urgent;Not submitted on time
Urgent, not important;Submitted on time without errors
Urgent;Submitted on time without errors
Important;Erroneous
Important;Not submitted on time
Urgent;Submitted on time without errors
Important;Submitted on time without errors
Important;Not submitted on time
Important;Submitted on time without errors
Important;Submitted on time without errors
Urgent;Submitted on time without errors
Important;Submitted on time without errors
Important;Submitted on time without errors
Important;Not submitted on time
Urgent;Submitted on time without errors
Urgent;Not submitted on time
Important;Not submitted on time
Important;Erroneous
Urgent;Not submitted on time
Urgent;Submitted on time without errors
Urgent, not important;Not submitted on time
Urgent;Not submitted on time
Important;Submitted on time without errors
Urgent;Not submitted on time
Urgent, not important;Not submitted on time
Important;Submitted on time without errors
Urgent;Submitted on time without errors
Important;Submitted on time without errors
Important;Submitted on time without errors
Urgent;Erroneous
Urgent;Not submitted on time
Urgent;Not submitted on time
Urgent;Submitted on time without errors
Important;Not submitted on time
Urgent, not important;Not submitted on time
Important;Submitted on time without errors
Important;Submitted on time without errors
Urgent;Submitted on time without errors
Important;Not submitted on time
Important;Not submitted on time
Important;Not submitted on time
Important;Not submitted on time
Erroneous;Not submitted on time
Urgent;Submitted on time without errors
Important;Lost
Erroneous;Not submitted on time
Urgent;Not submitted on time
Urgent;Submitted on time without errors
Erroneous;Erroneous
Urgent;Forgotten
Important;Not submitted on time
Important;Erroneous
Important;Not submitted on time
Urgent;Submitted on time without errors
Important;Not submitted on time
Urgent, not important;Submitted on time without errors
Important;Not submitted on time
Urgent;Forgotten
Erroneous;Submitted on time without errors
Urgent, not important;Not submitted on time
Important;Submitted on time without errors
Urgent;Lost
Urgent;Not submitted on time
Urgent, not important;Submitted on time without errors
Urgent;Submitted on time without errors
Urgent;Not submitted on time
Urgent;Submitted on time without errors
Important;Not submitted on time
Urgent;Not submitted on time
Important;Submitted on time without errors
Urgent;Submitted on time without errors
Urgent;Submitted on time without errors
Urgent, not important;Submitted on time without errors
Urgent;Submitted on time without errors
Urgent;Not submitted on time
Urgent, not important;Submitted on time without errors
Important;Submitted on time without errors
Important;Submitted on time without errors
Important;Submitted on time without errors
Urgent, not important;Not submitted on time
Important;Not submitted on time
Urgent;Submitted on time without errors
Urgent;Submitted on time without errors
Important;Submitted on time without errors
Urgent;Not submitted on time
Urgent;Forgotten
Urgent;Forgotten
Important;Submitted on time without errors
Urgent;Not submitted on time
Important;Submitted on time without errors
Urgent;Erroneous
Urgent;Not submitted on time
Important;Submitted on time without errors
Urgent;Not submitted on time
Urgent, not important;Not submitted on time
Urgent;Submitted on time without errors
Important;Submitted on time without errors
Important;Submitted on time without errors
Urgent;Forgotten
Important;Not submitted on time
Urgent;Submitted on time without errors
Urgent;Submitted on time without errors
Important;Submitted on time without errors
Important;Submitted on time without errors
Urgent;Submitted on time without errors
Urgent;Not submitted on time
Important;Submitted on time without errors
Urgent;Submitted on time without errors
Urgent;Submitted on time without errors
Urgent, not important;Submitted on time without errors
Important;Erroneous
Urgent, not important;Submitted on time without errors
Important;Submitted on time without errors
Important;Submitted on time without errors
Urgent;Submitted on time without errors
Important;Not submitted on time
Urgent, not important;Not submitted on time
Urgent, not important;Submitted on time without errors
Urgent;Not submitted on time
Urgent, not important;Erroneous
Important;Submitted on time without errors
Urgent;Not submitted on time
Important;Submitted on time without errors
Urgent;Submitted on time without errors
Urgent;Forgotten
Urgent;Not submitted on time
Urgent;Submitted on time without errors
Important;Lost
Important;Submitted on time without errors
Urgent;Not submitted on time
Urgent;Submitted on time without errors
Urgent;Not submitted on time
Urgent;Not submitted on time
Important;Not submitted on time
Important;Submitted on time without errors
Urgent;Submitted on time without errors
Erroneous;Submitted on time without errors
Important;Not submitted on time
Erroneous;Forgotten
Important;Forgotten
Urgent, not important;Not submitted on time
Important;Submitted on time without errors
Important;Not submitted on time
Urgent;Not submitted on time
Urgent;Submitted on time without errors
Important;Submitted on time without errors
Important;Not submitted on time
Important;Submitted on time without errors
Important;Not submitted on time
Urgent;Submitted on time without errors
Important;Not submitted on time
Urgent, not important;Not submitted on time
Urgent;Not submitted on time
Urgent, not important;Submitted on time without errors
Urgent;Not submitted on time
Urgent;Not submitted on time
Important;Submitted on time without errors
Urgent;Not submitted on time
Urgent;Submitted on time without errors
Important;Not submitted on time
Urgent;Not submitted on time
Erroneous;Erroneous
Important;Submitted on time without errors
Important;Submitted on time without errors
Urgent;Not submitted on time
Important;Submitted on time without errors
Urgent;Not submitted on time
Urgent, not important;Submitted on time without errors
Important;Not submitted on time
Erroneous;Lost
Urgent;Lost
Urgent;Not submitted on time
Important;Not submitted on time
Important;Submitted on time without errors
Urgent;Submitted on time without errors
Important;Submitted on time without errors
Important;Submitted on time without errors
Important;Submitted on time without errors
Important;Submitted on time without errors
Important;Submitted on time without errors
Urgent, not important;Lost
Urgent;Not submitted on time
Urgent;Not submitted on time
Urgent;Not submitted on time
Important;Submitted on time without errors
Urgent;Submitted on time without errors
Urgent;Submitted on time without errors
Erroneous;Lost
Important;Submitted on time without errors
Important;Lost
Urgent, not important;Not submitted on time
Urgent;Forgotten
Important;Not submitted on time
Important;Not submitted on time
Urgent;Lost
Urgent;Not submitted on time
Important;Forgotten
Erroneous;Submitted on time without errors
Important;Not submitted on time
Important;Submitted on time without errors
Important;Not submitted on time
Urgent;Submitted on time without errors
Important;Not submitted on time
Erroneous;Lost
Urgent;Submitted on time without errors
Important;Submitted on time without errors
Important;Not submitted on time
Important;Not submitted on time
Urgent;Submitted on time without errors
Important;Lost
Urgent;Submitted on time without errors
Important;Submitted on time without errors
Urgent;Not submitted on time
Important;Submitted on time without errors
Urgent;Submitted on time without errors
Important;Forgotten
Urgent;Not submitted on time
Important;Submitted on time without errors
Important;Not submitted on time
Urgent;Not submitted on time
Important;Submitted on time without errors
Erroneous;Not submitted on time
Important;Not submitted on time
Important;Not submitted on time
Urgent;Submitted on time without errors
Important;Submitted on time without errors
Urgent;Submitted on time without errors
Urgent;Not submitted on time
Urgent;Submitted on time without errors
Erroneous;Not submitted on time
Urgent, not important;Submitted on time without errors
Important;Not submitted on time
Urgent;Submitted on time without errors
Urgent;Submitted on time without errors
Urgent;Not submitted on time
Important;Lost
Erroneous;Not submitted on time
Urgent;Lost
Important;Submitted on time without errors
Important;Submitted on time without errors
Important;Lost
Urgent;Not submitted on time
Important;Not submitted on time
Urgent;Not submitted on time
Important;Forgotten
Erroneous;Not submitted on time
Urgent, not important;Not submitted on time
Urgent;Not submitted on time
Urgent, not important;Submitted on time without errors
Important;Submitted on time without errors
Urgent, not important;Submitted on time without errors
Important;Lost
Urgent;Not submitted on time
Urgent;Submitted on time without errors
Important;Submitted on time without errors
Urgent;Not submitted on time
Important;Submitted on time without errors
Important;Not submitted on time
Important;Not submitted on time
Urgent;Forgotten
Important;Not submitted on time
Urgent;Not submitted on time
Important;Submitted on time without errors
Urgent;Not submitted on time
Erroneous;Erroneous
Important;Submitted on time without errors
Urgent, not important;Erroneous
Urgent, not important;Submitted on time without errors
Urgent;Not submitted on time
Important;Submitted on time without errors
Important;Submitted on time without errors
Important;Submitted on time without errors
Urgent;Not submitted on time
Urgent;Not submitted on time
Urgent, not important;Not submitted on time
Urgent;Submitted on time without errors
Urgent;Submitted on time without errors
Important;Submitted on time without errors
Urgent, not important;Not submitted on time
Urgent;Submitted on time without errors
Important;Not submitted on time
Urgent;Submitted on time without errors
Urgent, not important;Not submitted on time
Important;Forgotten
Important;Submitted on time without errors
Important;Submitted on time without errors
Urgent;Submitted on time without errors
Urgent;Not submitted on time
Urgent;Not submitted on time
Urgent;Erroneous
Important;Not submitted on time
Important;Submitted on time without errors
Urgent, not important;Submitted on time without errors
Urgent;Submitted on time without errors
Urgent;Submitted on time without errors
Important;Lost
Important;Submitted on time without errors
Urgent, not important;Submitted on time without errors
Important;Not submitted on time
Important;Not submitted on time
Important;Submitted on time without errors
Important;Submitted on time without errors
Important;Erroneous
Urgent;Submitted on time without errors
Urgent;Not submitted on time
Urgent, not important;Submitted on time without errors
Urgent, not important;Not submitted on time
Important;Not submitted on time
Urgent;Submitted on time without errors
Urgent;Not submitted on time
Important;Submitted on time without errors
Erroneous;Erroneous
Important;Forgotten
Important;Submitted on time without errors
Urgent;Submitted on time without errors
Urgent;Submitted on time without errors
Important;Submitted on time without errors
Important;Submitted on time without errors
Urgent;Lost
Urgent;Erroneous
Urgent;Submitted on time without errors
Urgent;Forgotten
Important;Submitted on time without errors
Urgent;Submitted on time without errors
Important;Not submitted on time
Important;Not submitted on time
Important;Submitted on time without errors
Important;Submitted on time without errors
Important;Lost
Erroneous;Submitted on time without errors
Important;Submitted on time without errors
Important;Submitted on time without errors
Urgent;Submitted on time without errors
Important;Submitted on time without errors
Important;Not submitted on time
Urgent;Submitted on time without errors
Important;Not submitted on time
Urgent;Not submitted on time
Urgent;Not submitted on time
Important;Submitted on time without errors
Important;Submitted on time without errors
Urgent, not important;Not submitted on time
Urgent, not important;Erroneous
Urgent;Submitted on time without errors
Important;Not submitted on time
Important;Forgotten
Urgent;Submitted on time without errors
Erroneous;Submitted on time without errors
Erroneous;Submitted on time without errors
Important;Submitted on time without errors
Urgent, not important;Not submitted on time
Urgent;Forgotten
Important;Submitted on time without errors
Urgent;Not submitted on time
Important;Erroneous
Urgent;Not submitted on time
Important;Submitted on time without errors
Urgent;Submitted on time without errors
Important;Lost
Important;Submitted on time without errors
Important;Submitted on time without errors
Important;Not submitted on time
Urgent;Submitted on time without errors
Urgent;Lost
Important;Not submitted on time
Urgent;Not submitted on time
Important;Not submitted on time
Urgent;Submitted on time without errors
Important;Not submitted on time
Urgent, not important;Not submitted on time
Urgent;Forgotten
Important;Submitted on time without errors
Important;Not submitted on time
Important;Not submitted on time
Urgent;Submitted on time without errors
Important;Submitted on time without errors
Urgent;Lost
Important;Forgotten
Important;Forgotten
Urgent, not important;Submitted on time without errors
Important;Submitted on time without errors
Important;Submitted on time without errors
Urgent;Not submitted on time
Important;Erroneous
Important;Not submitted on time
Important;Forgotten
Important;Not submitted on time
Urgent;Erroneous
Urgent;Submitted on time without errors
Important;Not submitted on time
Urgent;Not submitted on time
Important;Forgotten
Important;Submitted on time without errors
Important;Submitted on time without errors
Important;Not submitted on time
Urgent;Not submitted on time
Important;Not submitted on time
Erroneous;Submitted on time without errors
Important;Not submitted on time
Important;Submitted on time without errors
Urgent;Erroneous
Urgent;Lost
Urgent;Submitted on time without errors
Urgent;Not submitted on time
Urgent;Submitted on time without errors
Urgent;Not submitted on time
Urgent, not important;Submitted on time without errors
Important;Submitted on time without errors
Urgent;Submitted on time without errors
Urgent;Not submitted on time
Important;Not submitted on time
Important;Not submitted on time
Urgent;Not submitted on time
Important;Forgotten
Erroneous;Submitted on time without errors
Important;Submitted on time without errors
Urgent;Submitted on time without errors
Urgent;Submitted on time without errors
Important;Not submitted on time
Important;Submitted on time without errors
Urgent;Not submitted on time
Important;Not submitted on time
Important;Submitted on time without errors
Important;Not submitted on time
Important;Not submitted on time
Urgent;Submitted on time without errors
Erroneous;Submitted on time without errors
Important;Submitted on time without errors
Important;Submitted on time without errors
Erroneous;Erroneous
Urgent;Not submitted on time
Important;Submitted on time without errors
Urgent;Submitted on time without errors
Important;Submitted on time without errors
Important;Submitted on time without errors
Urgent;Not submitted on time
Urgent, not important;Not submitted on time
Important;Submitted on time without errors
Important;Erroneous
Urgent;Not submitted on time
Erroneous;Submitted on time without errors
Important;Lost
Urgent;Erroneous
Urgent;Submitted on time without errors
Important;Submitted on time without errors
Urgent;Not submitted on time
Important;Submitted on time without errors
Important;Submitted on time without errors
Erroneous;Not submitted on time
Important;Submitted on time without errors
Urgent;Submitted on time without errors
Urgent, not important;Not submitted on time
Urgent;Submitted on time without errors
Urgent;Submitted on time without errors
Urgent;Not submitted on time
Important;Lost
Important;Submitted on time without errors
Important;Forgotten
Important;Submitted on time without errors
Important;Not submitted on time
Urgent;Not submitted on time
Important;Submitted on time without errors
Urgent;Erroneous
Important;Lost
Important;Submitted on time without errors
Important;Lost
Important;Submitted on time without errors
Urgent;Submitted on time without errors
Important;Forgotten
Important;Not submitted on time
Urgent;Submitted on time without errors
Erroneous;Not submitted on time
Urgent;Submitted on time without errors
Urgent;Submitted on time without errors
Urgent;Not submitted on time
Urgent;Submitted on time without errors
Urgent, not important;Submitted on time without errors
Urgent, not important;Erroneous
Urgent;Not submitted on time
Important;Forgotten
Important;Lost
Important;Lost
Urgent;Not submitted on time
Erroneous;Submitted on time without errors
Important;Not submitted on time
Urgent;Not submitted on time
Urgent;Not submitted on time
Important;Not submitted on time
Urgent;Submitted on time without errors
Urgent;Forgotten
Important;Submitted on time without errors
Important;Submitted on time without errors
Erroneous;Not submitted on time
Important;Forgotten
Important;Submitted on time without errors
Important;Not submitted on time
Urgent, not important;Not submitted on time
Urgent;Not submitted on time
Urgent;Not submitted on time
Important;Not submitted on time
Important;Submitted on time without errors
Important;Submitted on time without errors
Urgent;Not submitted on time
Urgent;Erroneous
Urgent;Submitted on time without errors
Erroneous;Submitted on time without errors
Important;Forgotten
Urgent;Submitted on time without errors
Important;Forgotten
Urgent;Not submitted on time
Urgent;Submitted on time without errors
Urgent;Submitted on time without errors
Important;Not submitted on time
Important;Submitted on time without errors
Important;Not submitted on time
Urgent;Submitted on time without errors
Urgent;Submitted on time without errors
Important;Not submitted on time
Important;Submitted on time without errors
Urgent;Not submitted on time
Important;Submitted on time without errors
Urgent;Not submitted on time
Important;Not submitted on time
Important;Submitted on time without errors
Urgent;Erroneous
Important;Not submitted on time
Important;Not submitted on time
Important;Submitted on time without errors
Important;Forgotten
Urgent;Not submitted on time
Urgent;Submitted on time without errors
Urgent, not important;Not submitted on time
Important;Not submitted on time
Important;Not submitted on time
Important;Not submitted on time
Erroneous;Submitted on time without errors
Important;Not submitted on time
Urgent;Not submitted on time
Urgent;Not submitted on time
Important;Submitted on time without errors
Urgent;Erroneous
Important;Submitted on time without errors
Important;Submitted on time without errors
Urgent;Not submitted on time
Urgent;Lost
Important;Submitted on time without errors
Important;Submitted on time without errors
Urgent, not important;Submitted on time without errors
Erroneous;Submitted on time without errors
Important;Submitted on time without errors
Important;Erroneous
Erroneous;Not submitted on time
Important;Submitted on time without errors
Urgent;Not submitted on time
Urgent;Submitted on time without errors
Urgent;Not submitted on time
Important;Submitted on time without errors
Urgent, not important;Submitted on time without errors
Erroneous;Submitted on time without errors
Erroneous;Submitted on time without errors
Important;Submitted on time without errors
Important;Submitted on time without errors
Urgent;Submitted on time without errors
Urgent, not important;Not submitted on time
Urgent, not important;Submitted on time without errors
Important;Forgotten
Urgent;Submitted on time without errors
Urgent;Not submitted on time
Erroneous;Lost
Important;Submitted on time without errors
Urgent;Submitted on time without errors
Important;Not submitted on time
Important;Erroneous
Urgent;Submitted on time without errors
Important;Submitted on time without errors
Important;Forgotten
Urgent;Not submitted on time
Urgent;Submitted on time without errors
Urgent;Forgotten
Urgent;Submitted on time without errors
Important;Submitted on time without errors
Urgent;Submitted on time without errors
Urgent;Erroneous
Important;Not submitted on time
Urgent;Not submitted on time
Urgent;Not submitted on time
Important;Submitted on time without errors
Urgent;Submitted on time without errors
Important;Not submitted on time
Urgent;Not submitted on time
Urgent;Lost
Urgent;Not submitted on time
Urgent;Submitted on time without errors
Important;Submitted on time without errors
Urgent;Lost
Urgent;Not submitted on time
Urgent;Submitted on time without errors
Urgent;Not submitted on time
Urgent, not important;Erroneous
Urgent;Not submitted on time
Urgent;Not submitted on time
Important;Not submitted on time
Important;Not submitted on time
Urgent;Not submitted on time
Important;Submitted on time without errors
Important;Not submitted on time
Urgent;Not submitted on time
Urgent;Erroneous
Important;Submitted on time without errors
Important;Submitted on time without errors
Urgent;Not submitted on time
Important;Forgotten
Important;Not submitted on time
Important;Submitted on time without errors
Important;Submitted on time without errors
Erroneous;Forgotten
Urgent;Submitted on time without errors
Erroneous;Not submitted on time
Important;Submitted on time without errors
Important;Not submitted on time
Important;Submitted on time without errors
Important;Submitted on time without errors
Important;Not submitted on time
Urgent;Submitted on time without errors
Urgent;Not submitted on time
Urgent;Submitted on time without errors
Urgent;Lost
Urgent;Submitted on time without errors
Urgent;Submitted on time without errors
Urgent;Submitted on time without errors
Important;Erroneous
Urgent;Submitted on time without errors
Important;Not submitted on time
Urgent;Submitted on time without errors
Urgent;Not submitted on time
Erroneous;Not submitted on time
Urgent;Submitted on time without errors
Important;Not submitted on time
Urgent, not important;Submitted on time without errors
Urgent;Not submitted on time
Important;Erroneous
Urgent, not important;Erroneous
Erroneous;Not submitted on time
Urgent;Not submitted on time
Urgent;Not submitted on time
Important;Submitted on time without errors
Important;Submitted on time without errors
Important;Not submitted on time
Urgent;Forgotten
Important;Not submitted on time
Important;Forgotten
Urgent, not important;Not submitted on time
Urgent;Submitted on time without errors
Important;Erroneous
Urgent;Not submitted on time
Important;Submitted on time without errors
Urgent;Erroneous
Important;Submitted on time without errors
Important;Lost
Important;Not submitted on time
Important;Erroneous
Important;Submitted on time without errors
Important;Erroneous
Important;Submitted on time without errors
Important;Submitted on time without errors
Urgent, not important;Submitted on time without errors
Urgent;Submitted on time without errors
Important;Not submitted on time
Important;Forgotten
Important;Submitted on time without errors
Important;Forgotten
Important;Lost
Important;Submitted on time without errors
Urgent;Not submitted on time
Important;Submitted on time without errors
Urgent;Not submitted on time
Urgent, not important;Submitted on time without errors
Urgent;Submitted on time without errors
Urgent;Not submitted on time
Urgent;Not submitted on time
Urgent;Submitted on time without errors
Urgent;Submitted on time without errors
Important;Not submitted on time
Urgent;Lost
Important;Forgotten
Important;Submitted on time without errors
Urgent, not important;Submitted on time without errors
Urgent, not important;Not submitted on time
Important;Submitted on time without errors
Important;Not submitted on time
Urgent;Submitted on time without errors
Important;Submitted on time without errors
Urgent, not important;Forgotten
Important;Erroneous
Important;Forgotten
Important;Submitted on time without errors
Urgent;Not submitted on time
Urgent;Erroneous
Urgent;Not submitted on time
Urgent;Submitted on time without errors
Urgent;Submitted on time without errors
Urgent;Submitted on time without errors
Important;Not submitted on time
Important;Not submitted on time
Urgent;Not submitted on time
Important;Forgotten
Important;Not submitted on time
Urgent, not important;Submitted on time without errors
Urgent, not important;Lost
Urgent, not important;Submitted on time without errors
Urgent;Not submitted on time
Urgent;Not submitted on time
Important;Submitted on time without errors
Urgent, not important;Submitted on time without errors
Urgent;Not submitted on time
Urgent;Erroneous
Urgent;Not submitted on time
Urgent;Not submitted on time
Important;Not submitted on time
Important;Submitted on time without errors
Urgent;Submitted on time without errors
Important;Submitted on time without errors
Urgent;Submitted on time without errors
Urgent;Not submitted on time
Important;Submitted on time without errors
Important;Submitted on time without errors
Urgent;Submitted on time without errors
Important;Lost
Urgent, not important;Submitted on time without errors
Urgent;Submitted on time without errors
Important;Erroneous
Important;Erroneous
Urgent;Forgotten
Important;Lost
Urgent, not important;Submitted on time without errors
Urgent;Submitted on time without errors
Important;Forgotten
Urgent;Submitted on time without errors
Important;Submitted on time without errors
Important;Not submitted on time
Important;Not submitted on time
Urgent, not important;Submitted on time without errors
Erroneous;Erroneous
Important;Not submitted on time
Urgent;Submitted on time without errors
Important;Submitted on time without errors
Important;Not submitted on time
Urgent;Not submitted on time
Urgent;Submitted on time without errors
Important;Erroneous
Urgent, not important;Submitted on time without errors
Urgent, not important;Not submitted on time
Important;Submitted on time without errors
Important;Submitted on time without errors
Important;Submitted on time without errors
Important;Submitted on time without errors
Important;Submitted on time without errors
Urgent;Erroneous
Urgent;Submitted on time without errors
Important;Submitted on time without errors
Urgent;Lost
Urgent, not important;Not submitted on time
Erroneous;Submitted on time without errors
Important;Submitted on time without errors
Important;Erroneous
Urgent;Not submitted on time
Important;Not submitted on time
Important;Submitted on time without errors
Important;Submitted on time without errors
Important;Submitted on time without errors
Urgent;Not submitted on time
Urgent, not important;Not submitted on time
Important;Forgotten
Urgent, not important;Submitted on time without errors
Important;Erroneous
Important;Submitted on time without errors
Urgent;Not submitted on time
Urgent;Submitted on time without errors
Important;Forgotten
Urgent;Submitted on time without errors
Erroneous;Erroneous
Urgent;Erroneous
Urgent;Not submitted on time
Important;Submitted on time without errors
Important;Not submitted on time
Important;Not submitted on time
Important;Submitted on time without errors
Urgent;Submitted on time without errors
Important;Erroneous
Important;Forgotten
Important;Submitted on time without errors
Urgent, not important;Erroneous
Urgent;Submitted on time without errors
Urgent;Not submitted on time
Erroneous;Not submitted on time
Important;Not submitted on time
Important;Submitted on time without errors
Important;Not submitted on time
Important;Forgotten
Urgent;Not submitted on time
Urgent;Submitted on time without errors
Urgent, not important;Not submitted on time
Important;Submitted on time without errors
Urgent;Submitted on time without errors
Erroneous;Submitted on time without errors
Important;Not submitted on time
Important;Submitted on time without errors
Important;Submitted on time without errors
Important;Not submitted on time
Important;Submitted on time without errors
Important;Not submitted on time
Urgent, not important;Not submitted on time
Urgent;Not submitted on time
Urgent;Submitted on time without errors
Important;Submitted on time without errors
Important;Submitted on time without errors
Important;Submitted on time without errors
Important;Submitted on time without errors
Important;Not submitted on time
Important;Not submitted on time
Urgent;Submitted on time without errors
Important;Not submitted on time
Important;Forgotten
Important;Submitted on time without errors
Urgent;Lost
Urgent;Submitted on time without errors
Important;Submitted on time without errors
Urgent;Submitted on time without errors
Erroneous;Submitted on time without errors
Urgent, not important;Not submitted on time
Urgent;Not submitted on time
Important;Not submitted on time
Important;Forgotten
Important;Not submitted on time
Important;Submitted on time without errors
Important;Not submitted on time
Urgent;Not submitted on time
Urgent;Not submitted on time
Important;Not submitted on time
Important;Not submitted on time
Important;Submitted on time without errors
Urgent;Submitted on time without errors
Important;Not submitted on time
Urgent, not important;Submitted on time without errors
Urgent;Not submitted on time
Urgent;Not submitted on time
Urgent;Submitted on time without errors
Important;Submitted on time without errors
Urgent;Erroneous
Important;Submitted on time without errors
Urgent, not important;Submitted on time without errors
Urgent;Not submitted on time
Important;Not submitted on time
Important;Submitted on time without errors
Important;Not submitted on time
Important;Erroneous
Important;Not submitted on time
Urgent, not important;Submitted on time without errors
Important;Submitted on time without errors
Urgent;Forgotten
Urgent, not important;Submitted on time without errors
Important;Not submitted on time
Important;Not submitted on time
Urgent;Forgotten
Important;Not submitted on time
Urgent;Submitted on time without errors
Urgent;Lost
Important;Not submitted on time
Important;Forgotten
Important;Lost
Urgent;Erroneous
Urgent;Submitted on time without errors
Urgent, not important;Forgotten
Urgent;Not submitted on time
Important;Not submitted on time
Important;Not submitted on time
Urgent;Submitted on time without errors
Important;Submitted on time without errors
Important;Not submitted on time
Important;Submitted on time without errors
Urgent;Not submitted on time
Important;Submitted on time without errors
Important;Submitted on time without errors
Urgent;Submitted on time without errors
Important;Submitted on time without errors
Important;Not submitted on time
Important;Not submitted on time
Erroneous;Not submitted on time
Important;Submitted on time without errors
Urgent, not important;Submitted on time without errors
Urgent;Submitted on time without errors
Important;Forgotten
Urgent;Lost
Urgent;Forgotten
Urgent;Submitted on time without errors
Important;Submitted on time without errors
Urgent, not important;Submitted on time without errors
Important;Not submitted on time
Important;Submitted on time without errors
Erroneous;Submitted on time without errors
Urgent;Submitted on time without errors
Urgent;Submitted on time without errors
Important;Forgotten
Important;Submitted on time without errors
Urgent, not important;Submitted on time without errors
Urgent;Submitted on time without errors
Urgent;Not submitted on time
Important;Submitted on time without errors
Important;Not submitted on time
Erroneous;Submitted on time without errors
Urgent;Not submitted on time
Urgent, not important;Not submitted on time
Important;Submitted on time without errors
Important;Submitted on time without errors
Urgent;Submitted on time without errors
Urgent;Lost
Urgent, not important;Submitted on time without errors
Important;Erroneous
Urgent;Not submitted on time
Urgent;Submitted on time without errors
Urgent;Submitted on time without errors
Erroneous;Not submitted on time
Urgent;Erroneous
Urgent, not important;Not submitted on time
Urgent;Not submitted on time
Important;Not submitted on time
Urgent;Submitted on time without errors
Urgent;Not submitted on time
Important;Forgotten
Important;Lost
Urgent;Not submitted on time
Important;Not submitted on time
Urgent;Not submitted on time
Important;Not submitted on time
Important;Lost
Important;Not submitted on time
Important;Submitted on time without errors
Important;Not submitted on time
Urgent;Submitted on time without errors
Important;Submitted on time without errors
Important;Not submitted on time
Urgent;Submitted on time without errors
Urgent;Not submitted on time
Important;Submitted on time without errors
Important;Submitted on time without errors
Important;Not submitted on time
Urgent;Submitted on time without errors
Urgent;Erroneous
Important;Submitted on time without errors
Important;Not submitted on time
Erroneous;Erroneous
Urgent;Not submitted on time
Important;Erroneous
Important;Submitted on time without errors
Urgent;Submitted on time without errors
Important;Submitted on time without errors
Important;Submitted on time without errors
Urgent;Submitted on time without errors
Urgent;Submitted on time without errors
Important;Submitted on time without errors
Important;Erroneous
Important;Forgotten
Erroneous;Submitted on time without errors
Urgent;Submitted on time without errors
Urgent;Not submitted on time
Important;Submitted on time without errors
Urgent;Not submitted on time
Important;Not submitted on time
Important;Not submitted on time
Important;Not submitted on time
Urgent;Forgotten
Urgent;Submitted on time without errors
Urgent;Not submitted on time
Urgent;Submitted on time without errors
Urgent;Erroneous
Urgent;Submitted on time without errors
Urgent;Not submitted on time
Urgent;Not submitted on time
Urgent;Submitted on time without errors
Urgent;Not submitted on time
Urgent;Submitted on time without errors
Important;Not submitted on time
Urgent;Not submitted on time
Urgent;Forgotten
Urgent;Not submitted on time
Urgent, not important;Submitted on time without errors
Urgent;Not submitted on time
Important;Not submitted on time
Urgent, not important;Submitted on time without errors
Urgent, not important;Not submitted on time
Urgent;Submitted on time without errors
Important;Not submitted on time
Important;Not submitted on time
Urgent;Not submitted on time
Important;Submitted on time without errors
Important;Not submitted on time
Important;Not submitted on time
Important;Submitted on time without errors
Urgent;Submitted on time without errors
Urgent, not important;Erroneous
Important;Submitted on time without errors
Urgent;Submitted on time without errors
Important;Not submitted on time
Important;Submitted on time without errors
Erroneous;Not submitted on time
Urgent;Submitted on time without errors
Important;Submitted on time without errors
Important;Erroneous
Important;Submitted on time without errors
Important;Forgotten
Important;Not submitted on time
Erroneous;Submitted on time without errors
Urgent;Not submitted on time
Important;Not submitted on time
Important;Submitted on time without errors
Urgent, not important;Forgotten
Important;Erroneous
Urgent;Submitted on time without errors
Important;Not submitted on time
Important;Forgotten
Urgent, not important;Not submitted on time
Urgent;Lost
Urgent;Not submitted on time
Important;Submitted on time without errors
Important;Not submitted on time
Urgent;Not submitted on time
Important;Lost
Urgent, not important;Submitted on time without errors
Urgent;Submitted on time without errors
Urgent;Erroneous
Urgent;Not submitted on time
Urgent;Submitted on time without errors
Important;Not submitted on time
Urgent;Submitted on time without errors
Urgent;Submitted on time without errors
Urgent;Not submitted on time
Important;Forgotten
Urgent;Not submitted on time
Important;Submitted on time without errors
Urgent, not important;Not submitted on time
Important;Submitted on time without errors
Urgent;Submitted on time without errors
Urgent;Not submitted on time
Urgent;Submitted on time without errors
Important;Submitted on time without errors
Urgent;Submitted on time without errors
Erroneous;Submitted on time without errors
Urgent;Submitted on time without errors
Urgent;Submitted on time without errors
Urgent, not important;Not submitted on time
Urgent;Submitted on time without errors
Important;Submitted on time without errors
Urgent;Submitted on time without errors
Urgent;Forgotten
Urgent;Submitted on time without errors
Urgent;Submitted on time without errors
Urgent;Lost
Important;Not submitted on time
Urgent;Submitted on time without errors
Urgent;Not submitted on time
Important;Submitted on time without errors
Urgent;Lost
Important;Not submitted on time
Urgent, not important;Not submitted on time
Important;Not submitted on time
Urgent, not important;Submitted on time without errors
Important;Not submitted on time
Urgent;Submitted on time without errors
Important;Submitted on time without errors
Important;Submitted on time without errors
Important;Not submitted on time
Important;Not submitted on time
Urgent;Erroneous
Important;Submitted on time without errors
Important;Not submitted on time
Urgent;Not submitted on time
Important;Submitted on time without errors
Important;Submitted on time without errors
Urgent;Submitted on time without errors
Urgent;Not submitted on time
Urgent;Submitted on time without errors
Urgent, not important;Submitted on time without errors
Urgent, not important;Not submitted on time
Important;Lost
Important;Not submitted on time
Important;Submitted on time without errors
Urgent, not important;Not submitted on time
Important;Submitted on time without errors
Important;Submitted on time without errors
Important;Erroneous
Urgent;Not submitted on time
Important;Erroneous
Important;Submitted on time without errors
Urgent;Submitted on time without errors
Important;Submitted on time without errors
Urgent;Not submitted on time
Important;Not submitted on time
Urgent;Forgotten
Urgent;Not submitted on time
Urgent;Lost
Urgent;Submitted on time without errors
Urgent;Not submitted on time
Important;Not submitted on time
Urgent;Submitted on time without errors
Urgent, not important;Not submitted on time
Urgent;Not submitted on time
Urgent;Not submitted on time
Urgent, not important;Submitted on time without errors
Important;Erroneous
Important;Forgotten
Important;Submitted on time without errors
Erroneous;Submitted on time without errors
Important;Not submitted on time
Important;Not submitted on time
Urgent, not important;Submitted on time without errors
Urgent;Not submitted on time
Urgent;Not submitted on time
Urgent, not important;Not submitted on time
Important;Lost
Urgent, not important;Submitted on time without errors
Important;Submitted on time without errors
Important;Not submitted on time
Important;Not submitted on time
Important;Submitted on time without errors
Important;Submitted on time without errors
Urgent;Not submitted on time
Important;Not submitted on time
Urgent;Submitted on time without errors
Urgent;Submitted on time without errors
Important;Not submitted on time
Urgent;Submitted on time without errors
Urgent, not important;Submitted on time without errors
Urgent, not important;Submitted on time without errors
Important;Erroneous
Urgent;Lost
Urgent;Submitted on time without errors
Important;Submitted on time without errors
Important;Not submitted on time
Important;Submitted on time without errors
Important;Submitted on time without errors
Important;Submitted on time without errors
Important;Not submitted on time
Important;Submitted on time without errors
Urgent;Erroneous
Urgent, not important;Not submitted on time
Important;Not submitted on time
Urgent, not important;Forgotten
Important;Submitted on time without errors
Urgent;Submitted on time without errors
Urgent;Not submitted on time
Urgent;Submitted on time without errors
Important;Not submitted on time
Urgent;Submitted on time without errors
Important;Submitted on time without errors
Urgent, not important;Submitted on time without errors
Important;Forgotten
Urgent;Forgotten
Urgent, not important;Not submitted on time
Important;Erroneous
Important;Not submitted on time
Important;Submitted on time without errors
Important;Submitted on time without errors
Important;Not submitted on time
Important;Submitted on time without errors
Urgent;Erroneous
Important;Submitted on time without errors
Urgent;Submitted on time without errors
Important;Not submitted on time
Urgent;Submitted on time without errors
Important;Submitted on time without errors
Important;Submitted on time without errors
Important;Submitted on time without errors
Urgent;Submitted on time without errors
Important;Submitted on time without errors
Important;Not submitted on time
Urgent;Submitted on time without errors
Important;Not submitted on time
Important;Submitted on time without errors
Urgent;Submitted on time without errors
Urgent, not important;Submitted on time without errors
Important;Forgotten
Important;Submitted on time without errors
Important;Submitted on time without errors
Important;Not submitted on time
Erroneous;Submitted on time without errors
Urgent, not important;Forgotten
Erroneous;Submitted on time without errors
Urgent;Lost
Important;Submitted on time without errors
Urgent;Not submitted on time
Important;Submitted on time without errors
Urgent;Not submitted on time
Urgent;Not submitted on time
Urgent;Submitted on time without errors
Urgent, not important;Submitted on time without errors
Important;Submitted on time without errors
Urgent, not important;Submitted on time without errors
Important;Not submitted on time
Erroneous;Submitted on time without errors
Urgent;Submitted on time without errors
Urgent;Not submitted on time
Urgent;Not submitted on time
Erroneous;Erroneous
Urgent, not important;Not submitted on time
Important;Submitted on time without errors
Urgent;Not submitted on time
Urgent, not important;Submitted on time without errors
Urgent;Submitted on time without errors
Urgent;Submitted on time without errors
Important;Not submitted on time
Important;Not submitted on time
Erroneous;Lost
Important;Submitted on time without errors
Urgent;Submitted on time without errors
Important;Submitted on time without errors
Urgent;Not submitted on time
Important;Erroneous
Important;Submitted on time without errors
Important;Submitted on time without errors
Urgent;Submitted on time without errors
Urgent, not important;Not submitted on time
Important;Erroneous
Important;Submitted on time without errors
Important;Submitted on time without errors
Urgent, not important;Submitted on time without errors
Important;Submitted on time without errors
Important;Erroneous
Important;Not submitted on time
Urgent;Submitted on time without errors
Urgent;Not submitted on time
Urgent;Submitted on time without errors
Important;Not submitted on time
Important;Not submitted on time
Important;Submitted on time without errors
Urgent;Submitted on time without errors
Important;Submitted on time without errors
Important;Not submitted on time
Urgent;Submitted on time without errors
Important;Submitted on time without errors
Erroneous;Not submitted on time
Urgent;Submitted on time without errors
Urgent, not important;Not submitted on time
Erroneous;Erroneous
Important;Forgotten
Important;Submitted on time without errors
Important;Not submitted on time
Urgent;Not submitted on time
Urgent;Submitted on time without errors
Important;Not submitted on time
Important;Not submitted on time
Urgent;Submitted on time without errors
Important;Submitted on time without errors
Urgent;Not submitted on time
Urgent;Submitted on time without errors
Urgent;Submitted on time without errors
Important;Not submitted on time
Important;Forgotten
Important;Lost
Important;Forgotten
Important;Not submitted on time
Important;Not submitted on time
Urgent;Lost
Urgent;Submitted on time without errors
Urgent, not important;Not submitted on time
Urgent;Not submitted on time
Urgent;Not submitted on time
Important;Erroneous
Urgent;Submitted on time without errors
Urgent;Not submitted on time
Erroneous;Erroneous
Urgent, not important;Not submitted on time
Urgent;Not submitted on time
Urgent;Submitted on time without errors
Important;Not submitted on time
Urgent;Not submitted on time
Important;Not submitted on time
Urgent;Submitted on time without errors
Important;Not submitted on time
Important;Not submitted on time
Important;Submitted on time without errors
Urgent;Submitted on time without errors
Urgent;Not submitted on time
Important;Submitted on time without errors
Urgent;Not submitted on time
Important;Not submitted on time
Erroneous;Not submitted on time
Important;Submitted on time without errors
Urgent;Not submitted on time
Urgent;Not submitted on time
Important;Submitted on time without errors
Urgent, not important;Not submitted on time
Urgent;Submitted on time without errors
Erroneous;Submitted on time without errors
Important;Erroneous
Important;Not submitted on time
Urgent;Submitted on time without errors
Urgent;Not submitted on time
Important;Submitted on time without errors
Important;Not submitted on time
Important;Forgotten